snp,reference_hg38,alternate_hg38,reference_hg19,alternate_hg19,custom_risk,custom_ref
10:115119640_T,G,,C,,C,T
10:123047640_T,A,,T,C,C,T
10:22320193_A,T,,A,C,A,C
11:46744925_C,C,X,G,,G,C
12:51420815_T,G,,C,,T,C
12:54320692_T,C,,C,,T,C
13:96488178_A,A,X,A,C,G,A
14:103990799_T,A,,T,A,T,C
15:57618514_T,C,,C,,T,C
15:71610835_A,G,,G,,G,A
16:20367690_T,G,,G,,T,G
16:4353432_T,C,,C,,T,C
16:73024276_T,A,,C,,C,T
17:12327883_A,T,,G,,A,G
18:77580712_A,A,X,G,,A,G
19:49208543_T,G,,T,A,T,C
1:198394253_T,T,X,T,C,G,T
20:51246202_A,G,,A,C,A,G
20:55338442_T,C,,G,,T,G
22:46441980_T,C,,C,,C,T
2:144248905_T,A,,T,C,C,T
2:43078360_T,T,X,G,,G,T
3:15557682_A,C,,T,,T,A
5:1322468_A,C,,G,,G,A
6:26843517_A,G,,A,C,A,C
7:116417848_C,C,X,G,,,
7:27303632_A,T,,G,,A,G
7:27560733_T,T,A,T,A,T,C
7:41266132_A,G,,G,,A,G
7:81431397_T,A,,C,,C,T
8:143778381_A,T,,A,T,G,A
